معرف الدواء,اسم الدواء,المواد الفعالة,العيارات,الشكل الصيدلاني,المصنع,التركيب الأصلي,الشكل الأصلي,حالة المصدر
7501,Jocolon 400,mesalazine,400mg,قرص مغلف,سيتي,mesalazine 400mg / c-tab,coated-tab,بيانات مكتملة
7502,Jocolon 800,mesalazine,800mg,قرص مغلف,سيتي,mesalazine 800mg / c-tab,coated-tab,بيانات مكتملة
7503,Kalirim,citric Acid + potassium Bi Carbonate + sodium Citrate 835mg / eff-tab,1200mg + 965mg + ,قرص فوار,سيتي,citric Acid 1200mg+potassium Bi Carbonate 965mg+sodium Citrate 835mg / eff-tab,eff-tab,بيانات مكتملة
7504,Kalirim 965,citric Acid + potassium Bi Carbonate + sodium Citrate 835mg / sachet,1200mg + 965mg + ,ظرف,سيتي,citric Acid 1200mg+potassium Bi Carbonate 965mg+sodium Citrate 835mg / sachet,sachet,بيانات مكتملة
7505,Kalirim 967.5,potassium Bi Carbonate 967.5mg / eff-tab,,قرص فوار,سيتي,potassium Bi Carbonate 967.5mg / eff-tab,eff-tab,بيانات مكتملة
7506,Kalirim XR 10,potassium Citrate 1080mg / ER-tab =10m Eq,,ER-tab,سيتي,potassium Citrate 1080mg / ER-tab =10m Eq,ER-tab,بيانات مكتملة
7507,Kalirim XR 15,potassium Citrate 1620mg / ER-tab =15m Eq,,ER-tab,سيتي,potassium Citrate 1620mg / ER-tab =15m Eq,ER-tab,بيانات مكتملة
7508,Lithocarb 300,lithium Carbonate,300mg,قرص,سيتي,lithium Carbonate 300mg / tab,tab,بيانات مكتملة
7509,Lotenol 100,atenolol,100mg,قرص,سيتي,atenolol 100mg / tab,tab,بيانات مكتملة
7510,Lotenol 25,atenolol,25mg,قرص,سيتي,atenolol 25mg / tab,tab,بيانات مكتملة
7511,Lotenol 50,atenolol,50mg,قرص,سيتي,atenolol 50mg / tab,tab,بيانات مكتملة
7512,Magnesium 200,magnesium Citrate 200mg / eff-tab,,قرص فوار,سيتي,magnesium Citrate 200mg / eff-tab,eff-tab,بيانات مكتملة
7513,Melocam 15,meloxicam,15mg,تحاميل,سيتي,meloxicam 15mg / supp,supp,بيانات مكتملة
7514,Melocam 7.5,meloxicam,7.5mg,تحاميل,سيتي,meloxicam 7.5mg / supp,supp,بيانات مكتملة
7515,Memotam 1200,piracetam,1200mg,قرص مغلف,سيتي,piracetam 1200mg / c-tab,coated-tab,بيانات مكتملة
7516,Memotam 800,piracetam,800mg,قرص مغلف,سيتي,piracetam 800mg / c-tab,coated-tab,بيانات مكتملة
7517,Mucobronc 125,carbo Cisteine,125mg,شراب,سيتي,carbo Cisteine 125mg / 5ml,syrup,بيانات مكتملة
7518,Mucobronc 250,carbo Cisteine,250mg,شراب,سيتي,carbo Cisteine 250mg / 5ml,syrup,بيانات مكتملة
7519,Mucobronc 375,carbo Cisteine,375mg,كبسولة,سيتي,carbo Cisteine 375mg / cap,cap,بيانات مكتملة
7520,MVit,folic Acid + thiamine + vit B12 + vit B6 + vit B12 + ascorbic Acid + vit E + vit H + --- / eff-tab,1mg + 10mg + 6mg + 10mg + 0.005mg + 100mg + 10mg + 0.250mg + ,قرص فوار,سيتي,folic Acid 1mg+thiamine 10mg+vit B12 6mg+vit B6 10mg+vit B12 0.005mg+ascorbic Acid 100mg+vit E 10mg+vit H 0.250mg+--- / eff-tab,eff-tab,بيانات مكتملة
7521,Myoxal 500,methocarbamol,500mg,قرص,سيتي,methocarbamol 500mg / tab,tab,بيانات مكتملة
7522,Myoxal 750,methocarbamol,750mg,قرص مغلف,سيتي,methocarbamol 750mg / tab,coated-tab,بيانات مكتملة
7523,Myoxal Plus 200/500,ibuprofen + methocarbamol,200mg + 500mg,قرص مغلف,سيتي,ibuprofen 200mg+methocarbamol 500mg / tab,coated-tab,بيانات مكتملة
7524,Myoxal Plus 400/750,ibuprofen + methocarbamol,400mg + 750mg,قرص مغلف,سيتي,ibuprofen 400mg+methocarbamol 750mg / tab,coated-tab,بيانات مكتملة
7525,Nabton 500,nabumetone,500mg,قرص,سيتي,nabumetone 500mg / tab,tab,بيانات مكتملة
7526,Nabton Fort 750,nabumetone,750mg,قرص,سيتي,nabumetone 750mg / tab,tab,بيانات مكتملة
7527,Nervatix Fort,thiamine + vit B6 + vit B12,250mg + 250mg + 1mg,قرص مغلف,سيتي,thiamine 250mg+vit B6 250mg+vit B12 1mg / c-tab,coated-tab,بيانات مكتملة
7528,New Zolidin 400,linezolid,400mg,قرص مغلف,سيتي,linezolid 400mg / c-tab,coated-tab,بيانات مكتملة
7529,New Zolidin 600,linezolid,600mg,قرص مغلف,سيتي,linezolid 600mg / c-tab,coated-tab,بيانات مكتملة
7530,Nospaverin 120,alverine,120mg,كبسولة,سيتي,alverine 120mg / cap,cap,بيانات مكتملة
7531,Nospaverin 60,alverine,60mg,كبسولة,سيتي,alverine 60mg / cap,cap,بيانات مكتملة
7532,Ondazon 4,ondansetron,4mg,شراب,سيتي,ondansetron 4mg / 5ml,syrup,بيانات مكتملة
7533,Ozo Heal D,,,كريم,سيتي,,cream,التركيب غير موجود في APK
7534,Ozo Heal H,,,كريم,سيتي,,cream,التركيب غير موجود في APK
7535,Pana 1000,paracetamol,1000mg,قرص مغلف,سيتي,paracetamol 1000mg / c-tab,coated-tab,بيانات مكتملة
7536,Pana 500,paracetamol,500mg,قرص مغلف,سيتي,paracetamol 500mg / c-tab,coated-tab,بيانات مكتملة
7537,Pana Advance 500,paracetamol,500mg,قرص مغلف,سيتي,paracetamol 500mg / c-tab,coated-tab,بيانات مكتملة
7538,Pana Advance Extra,caffeine + paracetamol,65mg + 500mg,قرص مغلف,سيتي,caffeine 65mg+paracetamol 500mg / c-tab,coated-tab,بيانات مكتملة
7539,Pana C,ascorbic Acid + paracetamol,200mg + 500mg,قرص فوار,سيتي,ascorbic Acid 200mg+paracetamol 500mg / tab,eff-tab,بيانات مكتملة
7540,Pana Cold&Flu Day,caffeine + paracetamol + phenylephrine,25mg + 500mg + 5mg,قرص مغلف,سيتي,caffeine 25mg+paracetamol 500mg+phenylephrine 5mg / c-tab,coated-tab,بيانات مكتملة
7541,Pana Night,,,قرص مغلف,سيتي,,coated-tab,التركيب غير موجود في APK
7542,Paslee,dill Oil + sodium Bi Carbonate,2.3mg + 52.5mg,شراب,سيتي,dill Oil 2.3mg+sodium Bi Carbonate 52.5mg / 5ml,syrup,بيانات مكتملة
7543,Plavispirin 75/100,acetyl Salicylic Acid + clopidogrel,100mg + 75mg,قرص مغلف,سيتي,acetyl Salicylic Acid 100mg+clopidogrel 75mg / c-tab,coated-tab,بيانات مكتملة
7544,Plavispirin 75/150,acetyl Salicylic Acid + clopidogrel,150mg + 75mg,قرص مغلف,سيتي,acetyl Salicylic Acid 150mg+clopidogrel 75mg / c-tab,coated-tab,بيانات مكتملة
7545,Plavispirin 75/75,acetyl Salicylic Acid + clopidogrel,75mg + 75mg,قرص مغلف,سيتي,acetyl Salicylic Acid 75mg+clopidogrel 75mg / c-tab,coated-tab,بيانات مكتملة
7546,Polygyn,metronidazole + neomycin + nystatin + prednisolone 3mg / vag-tab,500mg + 100mg + 100000i.u. + ,vag-tab,سيتي,metronidazole 500mg+neomycin 100mg+nystatin 100000i.u.+prednisolone 3mg / vag-tab,vag-tab,بيانات مكتملة
7547,Pregaford 100,pregabalin,100mg,كبسولة,سيتي,pregabalin 100mg / cap,cap,بيانات مكتملة
7548,Pregaford 150,pregabalin,150mg,كبسولة,سيتي,pregabalin 150mg / cap,cap,بيانات مكتملة
7549,Pregaford 200,pregabalin,200mg,كبسولة,سيتي,pregabalin 200mg / cap,cap,بيانات مكتملة
7550,Pregaford 50,pregabalin,50mg,كبسولة,سيتي,pregabalin 50mg / cap,cap,بيانات مكتملة
7551,Pregaford 75,pregabalin,75mg,كبسولة,سيتي,pregabalin 75mg / cap,cap,بيانات مكتملة
7552,Pregaford Plus,alpha Lipoic Acid + mecobalamin + pregabalin,150mg + 0.75mg + 75mg,كبسولة,سيتي,alpha Lipoic Acid 150mg+mecobalamin 0.75mg+pregabalin 75mg / cap,cap,بيانات مكتملة
7553,Pregnadoxine,doxylamine + vit B6,10mg + 10mg,قرص,سيتي,doxylamine 10mg+vit B6 10mg / c-tab,tab,بيانات مكتملة
7554,Rabemax 20,rabeprazole,20mg,قرص مغلف,سيتي,rabeprazole 20mg / c-tab,coated-tab,بيانات مكتملة
7555,Renoxi 9,nonoxinol-9 100mg / ovule,,بويضة مهبلية,سيتي,nonoxinol-9 100mg / ovule,ovule,بيانات مكتملة
7556,Rhino,chlorpheniramine + paracetamol + phenylephrine,2mg + 325mg + 5mg,قرص مغلف,سيتي,chlorpheniramine 2mg+paracetamol 325mg+phenylephrine 5mg / tab,coated-tab,بيانات مكتملة
7557,Rhino Cold&cough,dextromethorphan + paracetamol + phenylephrine,10mg + 325mg + 5mg,قرص مغلف,سيتي,dextromethorphan 10mg+paracetamol 325mg+phenylephrine 5mg / c-tab,coated-tab,بيانات مكتملة
7558,Rhino Flu,chlorpheniramine + ibuprofen + phenylephrine,4mg + 200mg + 10mg,قرص مغلف,سيتي,chlorpheniramine 4mg+ibuprofen 200mg+phenylephrine 10mg / c-tab,coated-tab,بيانات مكتملة
7559,Rhino Fort,chlorpheniramine + paracetamol + phenylephrine,4mg + 550mg + 8mg,قرص,سيتي,chlorpheniramine 4mg+paracetamol 550mg+phenylephrine 8mg / tab,tab,بيانات مكتملة
7560,Rhino Plus Cold&Cough,chlorpheniramine + dextromethorphan + paracetamol + phenylephrine,2mg + 10mg + 325mg + 5mg,قرص مغلف,سيتي,chlorpheniramine 2mg+dextromethorphan 10mg+paracetamol 325mg+phenylephrine 5mg / c-tab,coated-tab,بيانات مكتملة
7561,Ribran,bran + calcium Carbonate + magnesium Sulfate,500mg + 50mg + 50mg,قرص,سيتي,bran 500mg+calcium Carbonate 50mg+magnesium Sulfate 50mg / tab,tab,بيانات مكتملة
7562,Rimobrax,chlordiazepoxide + clidinium,5mg + 2.5mg,كبسولة,سيتي,chlordiazepoxide 5mg+clidinium 2.5mg / cap,cap,بيانات مكتملة
7563,Rimodin Plus,calcium Carbonate + famotidine + magnesium Hydroxide 165mg / chew-tab,800mg + 10mg + ,قرص للمضغ,سيتي,calcium Carbonate 800mg+famotidine 10mg+magnesium Hydroxide 165mg / chew-tab,chew-tab,بيانات مكتملة
7564,Rimonitrin 0.5,glyceryl Tri Nitrate 0.5mg / sub Ling-tab,,sublingual-tab,سيتي,glyceryl Tri Nitrate 0.5mg / sub Ling-tab,sublingual-tab,بيانات مكتملة
7565,Rinase 100,bromelain,100.000i.u.,قرص,سيتي,bromelain 100.000i.u. / tab,tab,بيانات مكتملة
7566,Rino Rim,chlorpheniramine + paracetamol + phenylephrine,2mg + 325mg + 5mg,قرص,سيتي,chlorpheniramine 2mg+paracetamol 325mg+phenylephrine 5mg / c-tab,tab,بيانات مكتملة
7567,Rovameter,metronidazole + spiramycin,125mg + 750000i.u.,قرص مغلف,سيتي,metronidazole 125mg+spiramycin 750000i.u. / c-tab,coated-tab,بيانات مكتملة
7568,Rovameter Fort,metronidazole + spiramycin,250mg + 1500000i.u.,قرص مغلف,سيتي,metronidazole 250mg+spiramycin 1500000i.u. / c-tab,coated-tab,بيانات مكتملة
7569,Sanxab 2.5,apixaban,2.5mg,قرص مغلف,سيتي,apixaban 2.5mg / c-tab,coated-tab,بيانات مكتملة
7570,Sanxab 5,apixaban,5mg,قرص مغلف,سيتي,apixaban 5mg / c-tab,coated-tab,بيانات مكتملة
7571,Sedarim Fort,ascorbic Acid + acetyl Salicylic Acid 500mg / efferv-tab,200mg + ,قرص فوار,سيتي,ascorbic Acid 200mg+acetyl Salicylic Acid 500mg / efferv-tab,eff-tab,بيانات مكتملة
7572,Sel Plus,ascorbic Acid + selenium + vit A + vit E,6mg + 0.075mg + 1000i.u. + 15i.u.,قرص مغلف,سيتي,ascorbic Acid 6mg+selenium 0.075mg+vit A 1000i.u.+vit E 15i.u. / c-tab,coated-tab,بيانات مكتملة
7573,Senleep 25,diphenhydramine,25mg,كبسولة,سيتي,diphenhydramine 25mg / cap,cap,بيانات مكتملة
7574,Senleep 50,diphenhydramine,50mg,كبسولة,سيتي,diphenhydramine 50mg / cap,cap,بيانات مكتملة
7575,Senosid 15,sennosides,15mg,قرص,سيتي,sennosides 15mg / tab,tab,بيانات مكتملة
7576,Senosid 17,senna Extract,17mg,قرص,سيتي,senna Extract 17mg / tab,tab,بيانات مكتملة
7577,Senosid 25,sennosides,25mg,قرص,سيتي,sennosides 25mg / tab,tab,بيانات مكتملة
7578,Senosid 7.5,sennosides,7.5mg,قرص,سيتي,sennosides 7.5mg / tab,tab,بيانات مكتملة
7579,Seratozyme 5,serratiopeptidase,5mg,قرص مغلف,سيتي,serratiopeptidase 5mg / c-tab,coated-tab,بيانات مكتملة
7580,Seratozyme Forte 10,serratiopeptidase,10mg,قرص مغلف,سيتي,serratiopeptidase 10mg / c-tab,coated-tab,بيانات مكتملة
7581,Sleep More 1,melatonine,1mg,شراب,سيتي,melatonine 1mg / 5ml,syrup,بيانات مكتملة
7582,Sleep More 3,melatonine,3mg,قرص مغلف,سيتي,melatonine 3mg / c-tab,coated-tab,بيانات مكتملة
7583,Sorbi Lax 70%,sorbitol,70%,شراب,سيتي,sorbitol 70%,syrup,بيانات مكتملة
7584,Soulage,bromhexine + chlorpheniramine + guaifenesin,4mg + 2mg + 50mg,شراب,سيتي,bromhexine 4mg+chlorpheniramine 2mg+guaifenesin 50mg / 5ml,syrup,بيانات مكتملة
7585,Sulfazin,sulfasalazine,500mg,قرص,سيتي,sulfasalazine 500mg / tab,tab,بيانات مكتملة
7586,Tamsula 0.4,tamsulosin,0.4mg,قرص مغلف,سيتي,tamsulosin 0.4mg / c-tab,coated-tab,بيانات مكتملة
7587,Turbovas 10,rosuvastatin,10mg,قرص مغلف,سيتي,rosuvastatin 10mg / c-tab,coated-tab,بيانات مكتملة
7588,Turbovas 20,rosuvastatin,20mg,قرص مغلف,سيتي,rosuvastatin 20mg / c-tab,coated-tab,بيانات مكتملة
7589,Turbovas 40,rosuvastatin,40mg,قرص مغلف,سيتي,rosuvastatin 40mg / c-tab,coated-tab,بيانات مكتملة
7590,Turbovas 5,rosuvastatin,5mg,قرص مغلف,سيتي,rosuvastatin 5mg / c-tab,coated-tab,بيانات مكتملة
7591,Tussinaze,guaifenesin + oxomemazine,33.3mg + 1.65mg,شراب,سيتي,guaifenesin 33.3mg+oxomemazine 1.65mg / 5ml,syrup,بيانات مكتملة
7592,Vasodilate 10,perindopril Arginine,10mg,قرص مغلف,سيتي,perindopril Arginine 10mg / c-tab,coated-tab,بيانات مكتملة
7593,Vasodilate 2.5,perindopril Arginine,2.5mg,قرص مغلف,سيتي,perindopril Arginine 2.5mg / c-tab,coated-tab,بيانات مكتملة
7594,Vasodilate 5,perindopril Arginine,5mg,قرص مغلف,سيتي,perindopril Arginine 5mg / c-tab,coated-tab,بيانات مكتملة
7595,Vercid 100,flubendazole,100mg,قرص,سيتي,flubendazole 100mg / tab,tab,بيانات مكتملة
7596,Verticont 16,betahistine,16mg,قرص,سيتي,betahistine 16mg / tab,tab,بيانات مكتملة
7597,Verticont 24,betahistine,24mg,قرص,سيتي,betahistine 24mg / tab,tab,بيانات مكتملة
7598,Verticont 8,betahistine,8mg,قرص,سيتي,betahistine 8mg / tab,tab,بيانات مكتملة
7599,Vitavision,فيتامينات ومعادن لمرضى السكر نمط ثاني,,قرص,سيتي,فيتامينات ومعادن لمرضى السكر نمط ثاني,tab,بيانات مكتملة
7600,Vitrosand 2.5,oxybutynin,2.5mg,شراب,سيتي,oxybutynin 2.5mg / 5ml,syrup,بيانات مكتملة
7601,Vitrosand 5,oxybutynin,5mg,شراب,سيتي,oxybutynin 5mg / 5ml,syrup,بيانات مكتملة
7602,Zartens 160,valsartan,160mg,كبسولة,سيتي,valsartan 160mg / cap,cap,بيانات مكتملة
7603,Zartens 80,valsartan,80mg,كبسولة,سيتي,valsartan 80mg / cap,cap,بيانات مكتملة
7604,Zartens Plus 160/12.5,H.C.T.Z. ( Hydro Chlor Thia Zide ) + valsartan,12.5mg + 160mg,قرص مغلف,سيتي,H.C.T.Z. ( Hydro Chlor Thia Zide ) 12.5mg+valsartan 160mg / c-tab,coated-tab,بيانات مكتملة
7605,Zartens Plus 160/25,H.C.T.Z. ( Hydro Chlor Thia Zide ) + valsartan,25mg + 160mg,قرص مغلف,سيتي,H.C.T.Z. ( Hydro Chlor Thia Zide ) 25mg+valsartan 160mg / c-tab,coated-tab,بيانات مكتملة
7606,Zartens Plus 320/12.5,H.C.T.Z. ( Hydro Chlor Thia Zide ) + valsartan,12.5mg + 320mg,قرص مغلف,سيتي,H.C.T.Z. ( Hydro Chlor Thia Zide ) 12.5mg+valsartan 320mg / c-tab,coated-tab,بيانات مكتملة
7607,Zartens Plus 320/25,H.C.T.Z. ( Hydro Chlor Thia Zide ) + valsartan,25mg + 320mg,قرص مغلف,سيتي,H.C.T.Z. ( Hydro Chlor Thia Zide ) 25mg+valsartan 320mg / c-tab,coated-tab,بيانات مكتملة
7608,Zartens Plus 80/12.5,H.C.T.Z. ( Hydro Chlor Thia Zide ) + valsartan,12.5mg + 80mg,قرص مغلف,سيتي,H.C.T.Z. ( Hydro Chlor Thia Zide ) 12.5mg+valsartan 80mg / c-tab,coated-tab,بيانات مكتملة
7609,Zetrac 100,itraconazole,100mg,كبسولة,سيتي,itraconazole 100mg / cap,cap,بيانات مكتملة
7610,Zn2F,ferrous Sulfate + folic Acid + zinc Sulfate,50mg + 0.5mg + 22.5mg,كبسولة,سيتي,ferrous Sulfate 50mg+folic Acid 0.5mg+zinc Sulfate 22.5mg / cap,cap,بيانات مكتملة
7611,Zolincare 30,dexlansoprazole,30mg,كبسولة,سيتي,dexlansoprazole 30mg / cap,cap,بيانات مكتملة
7612,Zolincare 60,dexlansoprazole,60mg,كبسولة,سيتي,dexlansoprazole 60mg / cap,cap,بيانات مكتملة
7613,Zugarel 10,prasugrel,10mg,قرص مغلف,سيتي,prasugrel 10mg / c-tab,coated-tab,بيانات مكتملة
7614,Zugarel 5,prasugrel,5mg,قرص مغلف,سيتي,prasugrel 5mg / c-tab,coated-tab,بيانات مكتملة
7615,Midecal Water Deionized,purified Water,,bag,سيردا,purified Water,bag,بيانات مكتملة
7616,Ringer Lactate,calcium Chloride + potassium Chloride + Sod.Chloride + sodium Lactate,200mg + 300mg + 6000mg + 3100mg / 1000ml,P.P.Bag+port+butterfly Cap,سيردا,calcium Chloride 200mg+potassium Chloride 300mg+Sod.Chloride 6000mg+sodium Lactate 3100mg / 1000ml,P.P.Bag+port+butterfly Cap,بيانات مكتملة
7617,Serum Sod.Chloride 0.9%,Sod.Chloride,0.9%,P.P.Bag+port+butterfly Cap,سيردا,Sod.Chloride 0.9%,P.P.Bag+port+butterfly Cap,بيانات مكتملة
7618,Serum Voluepharma,hydroxymethyl Starch + Sod.Chloride,6% + 0.9%,P.P.Bag+port+butterfly Cap,سيردا,hydroxymethyl Starch 6%+Sod.Chloride 0.9%,P.P.Bag+port+butterfly Cap,بيانات مكتملة
7619,Water Irrigation,sterile Water for irrigation,,P.P.Bag+port+butterfly Cap,سيردا,sterile Water for irrigation,P.P.Bag+port+butterfly Cap,بيانات مكتملة
7620,Baby Sp,سائل تعويض شوارد,,,سيريا,سائل تعويض شوارد,,الشكل الصيدلاني غير موجود في APK
7621,Betamethason,,,كريم,سيريا,,cream,التركيب غير موجود في APK
7622,Cetapruf,ibuprofen + paracetamol,100mg + 160mg,شراب,سيريا,ibuprofen 100mg+paracetamol 160mg / 5ml,syrup,بيانات مكتملة
7623,Clortrimazole 1%,,,كريم,سيريا,,cream,التركيب غير موجود في APK
7624,Clortrimazole 2%,,,vag-cream,سيريا,,vag-cream,التركيب غير موجود في APK
7625,Dal3,,,قطرات فموية,سيريا,,oral-drops,التركيب غير موجود في APK
7626,Derma,,,كريم,سيريا,,cream,التركيب غير موجود في APK
7627,Dexanidin,,,كريم,سيريا,,cream,التركيب غير موجود في APK
7628,Gentamicin 0.3%,,,كريم,سيريا,,cream,التركيب غير موجود في APK
7629,Gripe Mol C,chlorpheniramine + paracetamol + vit C,0.5mg + 120mg + 50mg,شراب,سيريا,chlorpheniramine 0.5mg+paracetamol 120mg+vit C 50mg / 5ml,syrup,بيانات مكتملة
7630,Siria Cetamol 500,paracetamol,500mg,قرص,سيريا,paracetamol 500mg / tab,tab,بيانات مكتملة
7631,Siria Cold,chlorpheniramine + paracetamol + phenylephrine,1mg + 160mg + 1mg,شراب,سيريا,chlorpheniramine 1mg+paracetamol 160mg+phenylephrine 1mg / 5ml,syrup,بيانات مكتملة
7632,Siriacon 40,simethicone 40mg / ml,,قطرات فموية,سيريا,simethicone 40mg / ml,oral-drops,بيانات مكتملة
7633,Siria D3,,,,سيريا,,,التركيب غير موجود في APK
7634,Siria Grip,chlorpheniramine + dextromethorphan + paracetamol + phenylephrine,1mg + 50mg + 160mg + 1mg,,سيريا,chlorpheniramine 1mg+dextromethorphan 50mg+paracetamol 160mg+phenylephrine 1mg / 5ml,,الشكل الصيدلاني غير موجود في APK
7635,Siriamix,bromhexine + guaifenesin + menthol + terbutaline,4mg + 50mg + 2.5mg + 1.25mg,شراب,سيريا,bromhexine 4mg+guaifenesin 50mg+menthol 2.5mg+terbutaline 1.25mg / 5ml,syrup,بيانات مكتملة
7636,Siriatin,,,قطرات فموية,سيريا,,oral-drops,التركيب غير موجود في APK
7637,Tampra 100,paracetamol 100mg / ml,,قطرات فموية,سيريا,paracetamol 100mg / ml,oral-drops,بيانات مكتملة
7638,Tampra 160,paracetamol,160mg,شراب,سيريا,paracetamol 160mg / 5ml,syrup,بيانات مكتملة
7639,Trito,,,,سيريا,,,التركيب غير موجود في APK
7640,Bio Hair,copper Sulfate + cysteine + folic Acid + methionine + selenium + vit B5 + vit B6 + vit E + zinc,1mg + 50mg + 0.3mg + 250mg + 0.5mg + 9mg + 2mg + 7.5mg + 7.5mg,كبسولة,سيفكو,copper Sulfate 1mg+cysteine 50mg+folic Acid 0.3mg+methionine 250mg+selenium 0.5mg+vit B5 9mg+vit B6 2mg+vit E 7.5mg+zinc 7.5mg / cap,cap,بيانات مكتملة
7641,Des Loratadine 2.5,desloratadine,2.5mg,شراب,سيفكو,desloratadine 2.5mg / 5ml,syrup,بيانات مكتملة
7642,Erythromycin 0.5%,erythromycin,0.5%,eye-oint,سيفكو,erythromycin 0.5%,eye-oint,بيانات مكتملة
7643,Olexar 2.5,olanzapine,2.5mg,قرص مغلف,سيفكو,olanzapine 2.5mg / c-tab,coated-tab,بيانات مكتملة
7644,Stopfat 120,orlistat,120mg,كبسولة,سيفكو,orlistat 120mg / cap,cap,بيانات مكتملة
7645,Syalox,aluminium Hydroxide + magnesium Hydroxide,225mg + 200mg,معلق,سيفكو,aluminium Hydroxide 225mg+magnesium Hydroxide 200mg / 5ml,susp,بيانات مكتملة
7646,Ultra Green,green Tea Extract + green Tea Leaves Powder + ascorbic Acid,160mg + 120mg + 20mg,قرص,سيفكو,green Tea Extract 160mg+green Tea Leaves Powder 120mg+ascorbic Acid 20mg / tab,tab,بيانات مكتملة
7647,Argi Taj,L-Arginine + L-Carnitine, + ,أمبولة,شام,L-Arginine +L-Carnitine,amp,بيانات مكتملة
7648,Dofec 100,diclofenac Sodium,100mg,قرص,شام,diclofenac Sodium 100mg / c-tab,tab,بيانات مكتملة
7649,Folacid 5,folic Acid,5mg,قرص,شام,folic Acid 5mg / tab,tab,بيانات مكتملة
7650,Micogyne,metronidazole + miconazole 150mg / ovule,500mg + ,بويضة مهبلية,شام,metronidazole 500mg+miconazole 150mg / ovule,ovule,بيانات مكتملة
7651,Paracodin,codeine + paracetamol,10mg + 500mg,قرص,شام,codeine 10mg+paracetamol 500mg / tab,tab,بيانات مكتملة
7652,Paracodin 8,codeine + paracetamol,8mg + 500mg,قرص,شام,codeine 8mg+paracetamol 500mg / tab,tab,بيانات مكتملة
7653,Aciprazol 20,rabeprazole,20mg,قرص مغلف,شرق,rabeprazole 20mg / tab,coated-tab,بيانات مكتملة
7654,Agripino C,codeine + paracetamol + ascorbic Acid,8mg + 300mg + 200mg,قرص مغلف,شرق,codeine 8mg+paracetamol 300mg+ascorbic Acid 200mg / c-tab,coated-tab,بيانات مكتملة
7655,Agripino Vit,ascorbic Acid + paracetamol,100mg + 500mg,قرص,شرق,ascorbic Acid 100mg+paracetamol 500mg / tab,tab,بيانات مكتملة
7656,Amidarone 200,amiodarone,200mg,قرص,شرق,amiodarone 200mg / tab,tab,بيانات مكتملة
7657,Augmaclav 1000,amoxicillin + clavulanic Acid,875mg + 125mg,قرص مغلف,شرق,amoxicillin 875mg+clavulanic Acid 125mg / c-tab,coated-tab,بيانات مكتملة
7658,Augmaclav 625,amoxicillin + clavulanic Acid,500mg + 125mg,قرص مغلف,شرق,amoxicillin 500mg+clavulanic Acid 125mg / c-tab,coated-tab,بيانات مكتملة
7659,Azepan 10,diazepam,10mg,قرص,شرق,diazepam 10mg / tab,tab,بيانات مكتملة
7660,Azepan 2,diazepam,2mg,قرص,شرق,diazepam 2mg / tab,tab,بيانات مكتملة
7661,Azepan 5,diazepam,5mg,قرص,شرق,diazepam 5mg / tab,tab,بيانات مكتملة
7662,Carbazepin 200,carbamazepine,200mg,قرص,شرق,carbamazepine 200mg / tab,tab,بيانات مكتملة
7663,Carbin SR 200,carbamazepine 400mg / SR-tab,,SR-tab,شرق,carbamazepine 400mg / SR-tab,SR-tab,بيانات مكتملة
7664,Carbin SR 400,carbamazepine 400mg / SR-tab,,SR-tab,شرق,carbamazepine 400mg / SR-tab,SR-tab,بيانات مكتملة
7665,Celecox 100,celecoxib,100mg,كبسولة,شرق,celecoxib 100mg / cap,cap,بيانات مكتملة
7666,Celecox 200,celecoxib,200mg,كبسولة,شرق,celecoxib 200mg / cap,cap,بيانات مكتملة
7667,Cycloval 500,valacyclovir,500mg,قرص مغلف,شرق,valacyclovir 500mg / c-tab,coated-tab,بيانات مكتملة
7668,Diarixone 100,furazolidone,100mg,قرص,شرق,furazolidone 100mg / tab,tab,بيانات مكتملة
7669,Dinide 500,diloxanide,500mg,قرص,شرق,diloxanide 500mg / tab,tab,بيانات مكتملة
7670,Dinide Plus 200,diloxanide + metronidazole,200mg + 250mg,قرص,شرق,diloxanide 200mg+metronidazole 250mg / tab,tab,بيانات مكتملة
7671,Epictal 100,lamotrigine,100mg,قرص,شرق,lamotrigine 100mg / tab,tab,بيانات مكتملة
7672,Epictal 25,lamotrigine,25mg,قرص,شرق,lamotrigine 25mg / tab,tab,بيانات مكتملة
7673,Felocard SR 10,felodipine 10mg / SR-cap,,SR-cap,شرق,felodipine 10mg / SR-cap,SR-cap,بيانات مكتملة
7674,Felocard SR 2.5,felodipine 2.5mg / SR-cap,,SR-cap,شرق,felodipine 2.5mg / SR-cap,SR-cap,بيانات مكتملة
7675,Felocard SR 5,felodipine 5mg / SR-cap,,SR-cap,شرق,felodipine 5mg / SR-cap,SR-cap,بيانات مكتملة
7676,Gatiflox 200,gatifloxacin,200mg,قرص مغلف,شرق,gatifloxacin 200mg / c-tab,coated-tab,بيانات مكتملة
7677,Gatiflox 400,gatifloxacin,400mg,قرص مغلف,شرق,gatifloxacin 400mg / c-tab,coated-tab,بيانات مكتملة
7678,Helmidazole 400,albendazole,400mg,قرص,شرق,albendazole 400mg / tab,tab,بيانات مكتملة
7679,Imperan 10,metoclopramide,10mg,قرص,شرق,metoclopramide 10mg / tab,tab,بيانات مكتملة
7680,Lomotine,atropine + loperamide,0.025mg + 2.5mg,قرص,شرق,atropine 0.025mg+loperamide 2.5mg / tab,tab,بيانات مكتملة
7681,Meclorix 150,moclobemide,150mg,قرص مغلف,شرق,moclobemide 150mg / c-tab,coated-tab,بيانات مكتملة
7682,Meclorix 300,moclobemide,300mg,قرص مغلف,شرق,moclobemide 300mg / c-tab,coated-tab,بيانات مكتملة
7683,Medazepam 10,medazepam,10mg,قرص,شرق,medazepam 10mg / tab,tab,بيانات مكتملة
7684,Migritan 10,rizatriptan,10mg,قرص,شرق,rizatriptan 10mg / tab,tab,بيانات مكتملة
7685,Migritan 5,rizatriptan,5mg,قرص,شرق,rizatriptan 5mg / tab,tab,بيانات مكتملة
7686,Nervotin 100,gabapentin,100mg,كبسولة,شرق,gabapentin 100mg / cap,cap,بيانات مكتملة
7687,Nervotin 300,gabapentin,300mg,كبسولة,شرق,gabapentin 300mg / cap,cap,بيانات مكتملة
7688,Nervotin 400,gabapentin,400mg,كبسولة,شرق,gabapentin 400mg / cap,cap,بيانات مكتملة
7689,Oragesic,ibuprofen + paracetamol,400mg + 325mg,قرص مغلف,شرق,ibuprofen 400mg+paracetamol 325mg / c-tab,coated-tab,بيانات مكتملة
7690,Ora Vit C 500,ascorbic Acid 500mg / chew-tab,,قرص للمضغ,شرق,ascorbic Acid 500mg / chew-tab,chew-tab,بيانات مكتملة
7691,Orientocin 750,metronidazole + spiramycin,125mg + 750000i.u.,قرص مغلف,شرق,metronidazole 125mg+spiramycin 750000i.u. / c-tab,coated-tab,بيانات مكتملة
7692,Orientyl 10,nortriptyline,10mg,كبسولة,شرق,nortriptyline 10mg / cap,cap,بيانات مكتملة
7693,Orientyl 25,nortriptyline,25mg,كبسولة,شرق,nortriptyline 25mg / cap,cap,بيانات مكتملة
7694,Orientyl 50,nortriptyline,50mg,كبسولة,شرق,nortriptyline 50mg / cap,cap,بيانات مكتملة
7695,Orifon 10,cyclobenzaprine,10mg,قرص مغلف,شرق,cyclobenzaprine 10mg / c-tab,coated-tab,بيانات مكتملة
7696,Orilip 10,ezetimibe,10mg,قرص,شرق,ezetimibe 10mg / tab,tab,بيانات مكتملة
7697,Orimat 100,topiramate,100mg,قرص مغلف,شرق,topiramate 100mg / c-tab,coated-tab,بيانات مكتملة
7698,Orimat 200,topiramate,200mg,قرص مغلف,شرق,topiramate 200mg / c-tab,coated-tab,بيانات مكتملة
7699,Orimat 25,topiramate,25mg,قرص مغلف,شرق,topiramate 25mg / c-tab,coated-tab,بيانات مكتملة
7700,Orimat 50,topiramate,50mg,قرص مغلف,شرق,topiramate 50mg / c-tab,coated-tab,بيانات مكتملة
7701,Paino Extra,caffeine + paracetamol,65mg + 500mg,قرص مغلف,شرق,caffeine 65mg+paracetamol 500mg / tab,coated-tab,بيانات مكتملة
7702,Paino Plus,caffeine + codeine + paracetamol,30mg + 8mg + 500mg,قرص مغلف,شرق,caffeine 30mg+codeine 8mg+paracetamol 500mg / tab,coated-tab,بيانات مكتملة
7703,Parkomet 100/10,carbidopa + levodopa,10mg + 100mg,قرص,شرق,carbidopa 10mg+levodopa 100mg / tab,tab,بيانات مكتملة
7704,Parkomet 250/25,carbidopa + levodopa,25mg + 250mg,قرص,شرق,carbidopa 25mg+levodopa 250mg / tab,tab,بيانات مكتملة
7705,Parkomet Plus,carbidopa + entacapone + levodopa,25mg + 200mg + 250mg,قرص مغلف,شرق,carbidopa 25mg+entacapone 200mg+levodopa 250mg / c-tab,coated-tab,بيانات مكتملة
7706,Pinaspasm 50,pinaverium,50mg,قرص مغلف,شرق,pinaverium 50mg / c-tab,coated-tab,بيانات مكتملة
7707,Piroxin 20,piroxicam,20mg,قرص,شرق,piroxicam 20mg / tab,tab,بيانات مكتملة
7708,Spasmidat 100,trimebutine,100mg,قرص مغلف,شرق,trimebutine 100mg / c-tab,coated-tab,بيانات مكتملة
7709,Spasmidat 200,trimebutine,200mg,قرص مغلف,شرق,trimebutine 200mg / c-tab,coated-tab,بيانات مكتملة
7710,Tadlis 10,tadalafil,10mg,قرص مغلف,شرق,tadalafil 10mg / c-tab,coated-tab,بيانات مكتملة
7711,Tadlis 20,tadalafil,20mg,قرص مغلف,شرق,tadalafil 20mg / c-tab,coated-tab,بيانات مكتملة
7712,Telmitan 40,telmisartan,40mg,قرص,شرق,telmisartan 40mg / tab,tab,بيانات مكتملة
7713,Telmitan 80,telmisartan,80mg,قرص,شرق,telmisartan 80mg / tab,tab,بيانات مكتملة
7714,Tramatard SR 100,tramadol 100mg / SR-tab,,SR-tab,شرق,tramadol 100mg / SR-tab,SR-tab,بيانات مكتملة
7715,Treton,di Hydralazine + H.C.T.Z. ( Hydro Chlor Thia Zide ) + reserpine,10mg + 10mg + 0.1mg,قرص,شرق,di Hydralazine 10mg+H.C.T.Z. ( Hydro Chlor Thia Zide ) 10mg+reserpine 0.1mg / tab,tab,بيانات مكتملة
7716,Valpakine 200,sod.Valproate,200mg,قرص مغلف,شرق,sod.Valproate 200mg / c-tab,coated-tab,بيانات مكتملة
7717,Valpakine 500,valproic Acid,500mg,قرص مغلف,شرق,valproic Acid 500mg / c-tab,coated-tab,بيانات مكتملة
7718,Valpakine DR 250,valproic Acid,250mg,قرص مغلف,شرق,valproic Acid 250mg / c-tab,coated-tab,بيانات مكتملة
7719,Zoldorm 10,zolpidem,10mg,قرص مغلف,شرق,zolpidem 10mg / c-tab,coated-tab,بيانات مكتملة
7720,Zoldorm 5,zolpidem,5mg,قرص مغلف,شرق,zolpidem 5mg / c-tab,coated-tab,بيانات مكتملة
7721,Aciclorism 100,aceclofenac,100mg,قرص مغلف,شفا,aceclofenac 100mg / c-tab,coated-tab,بيانات مكتملة
7722,Actodron 5,risedronate Sodium,5mg,قرص مغلف,شفا,risedronate Sodium 5mg / c-tab,coated-tab,بيانات مكتملة
7723,Alotral 2.5,alfuzocin,2.5mg,قرص مغلف,شفا,alfuzocin 2.5mg / c-tab,coated-tab,بيانات مكتملة
7724,Alotral 5,alfuzocin,5mg,قرص مغلف,شفا,alfuzocin 5mg / c-tab,coated-tab,بيانات مكتملة
7725,Ambidim 10,zolpidem,10mg,قرص مغلف,شفا,zolpidem 10mg / c-tab,coated-tab,بيانات مكتملة
7726,Ambidim 5,zolpidem,5mg,قرص مغلف,شفا,zolpidem 5mg / c-tab,coated-tab,بيانات مكتملة
7727,Amika 100,amikacin,100mg,أمبولة,شفا,amikacin 100mg / amp,amp,بيانات مكتملة
7728,Amika 500,amikacin,500mg,أمبولة,شفا,amikacin 500mg / amp,amp,بيانات مكتملة
7729,Amiloxa 1000,ampicillin + cloxacillin,500mg + 500mg,فيال جاف,شفا,ampicillin 500mg+cloxacillin 500mg / vial,dry-vial,بيانات مكتملة
7730,Amiloxa 500,ampicillin + cloxacillin,250mg + 250mg,فيال جاف,شفا,ampicillin 250mg+cloxacillin 250mg / vial,dry-vial,بيانات مكتملة
7731,Amoxicillin 1000,amoxicillin,1000mg,فيال جاف,شفا,amoxicillin 1000mg / vial,dry-vial,بيانات مكتملة
7732,Ampicillin Plus 1500,ampicillin + sulbactam,1000mg + 500mg,فيال جاف,شفا,ampicillin 1000mg+sulbactam 500mg / vial,dry-vial,بيانات مكتملة
7733,Ampicillin Plus 750,ampicillin + sulbactam,500mg + 250mg,فيال جاف,شفا,ampicillin 500mg+sulbactam 250mg / vial,dry-vial,بيانات مكتملة
7734,Aqua,distilled water for solving dry-syrups / 1bag,,أمبولة,شفا,distilled water for solving dry-syrups / 1bag,amp,بيانات مكتملة
7735,Atrium 25,atracurium,25mg,أمبولة,شفا,atracurium 25mg / amp,amp,بيانات مكتملة
7736,Atrium 50,atracurium,50mg,أمبولة,شفا,atracurium 50mg / amp,amp,بيانات مكتملة
7737,Azitro 100,azithromycin,100mg,dry-syrup,شفا,azithromycin 100mg / 5ml,dry-syrup,بيانات مكتملة
7738,Azitro 125,azithromycin,125mg,قرص,شفا,azithromycin 125mg / tab,tab,بيانات مكتملة
7739,Azitro 200,azithromycin,200mg,dry-syrup,شفا,azithromycin 200mg / 5ml,dry-syrup,بيانات مكتملة
7740,Azitro 250,azithromycin,250mg,كبسولة,شفا,azithromycin 250mg / cap,cap,بيانات مكتملة
7741,Azitro 500,azithromycin,500mg,قرص,شفا,azithromycin 500mg / tab,tab,بيانات مكتملة
7742,Becovit,biotin + thiamine + vit B2 + vit B12 + vit PP,0.5mg + 10mg + 4mg + 0.008mg + 40mg,أمبولة,شفا,biotin 0.5mg+thiamine 10mg+vit B2 4mg+vit B12 0.008mg+vit PP 40mg / amp,amp,بيانات مكتملة
7743,Betazone 4,betamethasone,4mg,أمبولة,شفا,betamethasone 4mg / amp,amp,بيانات مكتملة
7744,Bincozan 3,dibencozide,3mg,كبسولة,شفا,dibencozide 3mg / cap,cap,بيانات مكتملة
7745,Bioxime 100,cefixime,100mg,dry-syrup,شفا,cefixime 100mg / 5ml,dry-syrup,بيانات مكتملة
7746,Bioxime 200,cefixime,200mg,قرص مغلف,شفا,cefixime 200mg / c-tab,coated-tab,بيانات مكتملة
7747,Bioxime 400,cefixime,400mg,قرص مغلف,شفا,cefixime 400mg / c-tab,coated-tab,بيانات مكتملة
7748,Bisalax,bisacodyl,10mg,قرص مغلف,شفا,bisacodyl 10mg / c-tab,coated-tab,بيانات مكتملة
7749,Bisalax 10,bisacodyl,10mg,قرص مغلف,شفا,bisacodyl 10mg / c-tab,coated-tab,بيانات مكتملة
7750,Bramine 10,imipramine,10mg,قرص,شفا,imipramine 10mg / tab,tab,بيانات مكتملة
7751,Bramine 25,imipramine,25mg,قرص,شفا,imipramine 25mg / tab,tab,بيانات مكتملة
7752,Bromodel 10,bromocriptine,10mg,كبسولة,شفا,bromocriptine 10mg / cap,cap,بيانات مكتملة
7753,Bromodel 2.5,bromocriptine,2.5mg,قرص,شفا,bromocriptine 2.5mg / tab,tab,بيانات مكتملة
7754,Bromodel 5,bromocriptine,5mg,كبسولة,شفا,bromocriptine 5mg / cap,cap,بيانات مكتملة
7755,Buscolin 20,hyoscine,20mg,أمبولة,شفا,hyoscine 20mg / amp,amp,بيانات مكتملة
7756,Cal C 500,calcium Carbonate + ascorbic Acid 500mg / eff-tab,500mg + ,قرص فوار,شفا,calcium Carbonate 500mg+ascorbic Acid 500mg / eff-tab,eff-tab,بيانات مكتملة
7757,Carbo Natura,charcoal + foenicul + pepper + rhubarb + senna,180mg + 0.5mg + 0.5mg + 25mg + 105mg,قرص,شفا,charcoal 180mg+foenicul 0.5mg+pepper 0.5mg+rhubarb 25mg+senna 105mg / tab,tab,بيانات مكتملة
7758,Cefaclor 125,cefaclor,125mg,dry-syrup,شفا,cefaclor 125mg / 5ml,dry-syrup,بيانات مكتملة
7759,Cefaclor 250,cefaclor,250mg,كبسولة,شفا,cefaclor 250mg / cap,cap,بيانات مكتملة
7760,Cefocef 1000,cefadroxil,1000mg,قرص مغلف,شفا,cefadroxil 1000mg / c-tab,coated-tab,بيانات مكتملة
7761,Cefocef 250,cefadroxil,250mg,كبسولة,شفا,cefadroxil 250mg / cap,cap,بيانات مكتملة
7762,Cefocef 500,cefadroxil,500mg,كبسولة,شفا,cefadroxil 500mg / cap,cap,بيانات مكتملة
7763,Cefomax 1000,cefepime 1000mg / dry-vial,,فيال جاف,شفا,cefepime 1000mg / dry-vial,dry-vial,بيانات مكتملة
7764,Cefomax 2000,cefepime 2000mg / dry-vial,,فيال جاف,شفا,cefepime 2000mg / dry-vial,dry-vial,بيانات مكتملة
7765,Cefomax 500,cefepime 500mg / dry-vial,,فيال جاف,شفا,cefepime 500mg / dry-vial,dry-vial,بيانات مكتملة
7766,Cimetidine 200,cimetidine,200mg,أمبولة,شفا,cimetidine 200mg / amp,amp,بيانات مكتملة
7767,Clafo 1000,cefotaxime 1000mg / dry-vial,,فيال جاف,شفا,cefotaxime 1000mg / dry-vial,dry-vial,بيانات مكتملة
7768,Clafo 2000,cefotaxime 2000mg / dry-vial,,فيال جاف,شفا,cefotaxime 2000mg / dry-vial,dry-vial,بيانات مكتملة
7769,Clafo 500,cefotaxime 500mg / dry-vial,,فيال جاف,شفا,cefotaxime 500mg / dry-vial,dry-vial,بيانات مكتملة
7770,Clomifen 50,clomiphene,50mg,قرص,شفا,clomiphene 50mg / tab,tab,بيانات مكتملة
7771,Clopramid 10,metoclopramide,10mg,أمبولة,شفا,metoclopramide 10mg / amp,amp,بيانات مكتملة
7772,Cloxa 1000,cloxacillin,1000mg,فيال جاف,شفا,cloxacillin 1000mg / vial,dry-vial,بيانات مكتملة
7773,Cloxa 500,cloxacillin,500mg,فيال جاف,شفا,cloxacillin 500mg / vial,dry-vial,بيانات مكتملة
7774,Colitic 40,drotaverine,40mg,أمبولة,شفا,drotaverine 40mg / amp,amp,بيانات مكتملة
7775,Cotagesic,acetyl Salicylic Acid + propoxyphene,400mg + 30mg,قرص مغلف,شفا,acetyl Salicylic Acid 400mg+propoxyphene 30mg / c-tab,coated-tab,بيانات مكتملة
7776,Cotagizec Ctd,acetyl Salicylic Acid + propoxyphene,400mg + 30mg,قرص مغلف,شفا,acetyl Salicylic Acid 400mg+propoxyphene 30mg / c-tab,coated-tab,بيانات مكتملة
7777,Cotasperin 162,acetyl Salicylic Acid,162mg,قرص مغلف,شفا,acetyl Salicylic Acid 162mg / c-tab,coated-tab,بيانات مكتملة
7778,Cotasperin 81,acetyl Salicylic Acid,81mg,قرص مغلف,شفا,acetyl Salicylic Acid 81mg / c-tab,coated-tab,بيانات مكتملة
7779,Cotaspirin 400,acetyl Salicylic Acid,400mg,قرص مغلف,شفا,acetyl Salicylic Acid 400mg / c-tab,coated-tab,بيانات مكتملة
7780,Cutison 0.005%,fluticasone Propionate,0.005%,مرهم,شفا,fluticasone Propionate 0.005%,oint,بيانات مكتملة
7781,Cutison 0.05%,fluticasone Propionate,0.05%,كريم,شفا,fluticasone Propionate 0.05%,cream,بيانات مكتملة
7782,Deptival,fluphenazine + nortriptyline,0.5mg + 10mg,قرص مغلف,شفا,fluphenazine 0.5mg+nortriptyline 10mg / c-tab,coated-tab,بيانات مكتملة
7783,Dequalin 0.25,dequalinium 0.250mg / loz,,مصاصة,شفا,dequalinium 0.250mg / loz,loz,بيانات مكتملة
7784,Dexa 0.5,dexamethasone,0.5mg,شراب,شفا,dexamethasone 0.5mg / 5ml,syrup,بيانات مكتملة
7785,Dexa 8,dexamethasone,8mg,أمبولة,شفا,dexamethasone 8mg / amp,amp,بيانات مكتملة
7786,Dexanystal,chlorhexidine + dexamethasone + nystatin 100000i.u. / gr,1mg + 1mg + ,كريم,شفا,chlorhexidine 1mg+dexamethasone 1mg+nystatin 100000i.u. / gr,cream,بيانات مكتملة
7787,Dextromethazin,dextromethorphan + promethazine,15mg + 6.25mg,شراب,شفا,dextromethorphan 15mg+promethazine 6.25mg / 5ml,syrup,بيانات مكتملة
7788,Diclorism 1%,diclofenac Sodium,1%,كريم,شفا,diclofenac Sodium 1%,cream,بيانات مكتملة
7789,Diclorism 100,diclofenac Sodium,100mg,تحاميل,شفا,diclofenac Sodium 100mg / supp,supp,بيانات مكتملة
7790,Diclorism 25,diclofenac Sodium,25mg,قرص مغلف,شفا,diclofenac Sodium 25mg / c-tab,coated-tab,بيانات مكتملة
7791,Diclorism 50,diclofenac Sodium,50mg,قرص مغلف,شفا,diclofenac Sodium 50mg / c-tab,coated-tab,بيانات مكتملة
7792,Diclorism 75,diclofenac Sodium,75mg,أمبولة,شفا,diclofenac Sodium 75mg / amp,amp,بيانات مكتملة
7793,Digoxin Shifa 0.25,digoxin,0.250mg,قرص,شفا,digoxin 0.250mg / tab,tab,بيانات مكتملة
7794,Dinacef 125,cefdinir,125mg,dry-syrup,شفا,cefdinir 125mg / 5ml,dry-syrup,بيانات مكتملة
7795,Dinacef 300,cefdinir,300mg,كبسولة,شفا,cefdinir 300mg / cap,cap,بيانات مكتملة
7796,Dolodol 100,tramadol,100mg,أمبولة,شفا,tramadol 100mg / amp,amp,بيانات مكتملة
7797,Edrazide 250,acetazolamide,250mg,قرص,شفا,acetazolamide 250mg / tab,tab,بيانات مكتملة
7798,Elmosan 100,pentosan,100mg,كبسولة,شفا,pentosan 100mg / cap,cap,بيانات مكتملة
7799,Fenicol 1000,chloramphenicol,1000mg,فيال جاف,شفا,chloramphenicol 1000mg / vial,dry-vial,بيانات مكتملة
7800,Ferrum Fol Hausmann,iron ( ferric hydroxide polymaltose ) + folic Acid 0.35mg / chew-tab,100mg + ,قرص للمضغ,شفا,iron ( ferric hydroxide polymaltose ) 100mg+folic Acid 0.35mg / chew-tab,chew-tab,بيانات مكتملة
7801,Ferrum Hausmann 100,iron ( ferric hydroxide polymaltose ) 100mg / chew-tab,,قرص للمضغ,شفا,iron ( ferric hydroxide polymaltose ) 100mg / chew-tab,chew-tab,بيانات مكتملة
7802,Ferrum Hausmann 50,iron ( ferric hydroxide polymaltose ) 50mg / ml,,قطرات فموية,شفا,iron ( ferric hydroxide polymaltose ) 50mg / ml,oral-drops,بيانات مكتملة
7803,Flucloxa 1000,flucloxacillin,1000mg,فيال جاف,شفا,flucloxacillin 1000mg / vial,dry-vial,بيانات مكتملة
7804,Flucloxa 250,flucloxacillin,250mg,كبسولة,شفا,flucloxacillin 250mg / cap,cap,بيانات مكتملة
7805,Flucloxa 500,flucloxacillin,500mg,كبسولة,شفا,flucloxacillin 500mg / cap,cap,بيانات مكتملة
7806,Flunargic 5,flunarizine,5mg,كبسولة,شفا,flunarizine 5mg / cap,cap,بيانات مكتملة
7807,Framycetin 2%,framycetin,2%,مرهم,شفا,framycetin 2%,oint,بيانات مكتملة
7808,Franil 10,clomipramine,10mg,كبسولة,شفا,clomipramine 10mg / cap,cap,بيانات مكتملة
7809,Franil 25,clomipramine,25mg,كبسولة,شفا,clomipramine 25mg / cap,cap,بيانات مكتملة
7810,Fusid H,hydrocortisone + Sodium Fusidate,1% + 2%,كريم,شفا,hydrocortisone 1%+Sodium Fusidate 2%,cream,بيانات مكتملة
7811,Gensen Plus,ginseng + vit E,100mg + 20mg,كبسولة,شفا,ginseng 100mg+vit E 20mg / cap,cap,بيانات مكتملة
7812,Genta 20,gentamicin,20mg,أمبولة,شفا,gentamicin 20mg / amp,amp,بيانات مكتملة
7813,Genta 40,gentamicin,40mg,أمبولة,شفا,gentamicin 40mg / amp,amp,بيانات مكتملة
7814,Genta 80,gentamicin,80mg,أمبولة,شفا,gentamicin 80mg / amp,amp,بيانات مكتملة
7815,Genta B,betamethasone + gentamicin 1mg / gr,0.5mg + ,مرهم,شفا,betamethasone 0.5mg+gentamicin 1mg / gr,oint,بيانات مكتملة
7816,Gluco 500,metformin,500mg,قرص,شفا,metformin 500mg / tab,tab,بيانات مكتملة
7817,Gluco 850,metformin,850mg,قرص مغلف,شفا,metformin 850mg / c-tab,coated-tab,بيانات مكتملة
7818,Guariume 5,guarin 5000mg / sachet,,ظرف,شفا,guarin 5000mg / sachet,sachet,بيانات مكتملة
7819,Hypopril 10,lisinopril,10mg,قرص,شفا,lisinopril 10mg / tab,tab,بيانات مكتملة
7820,Hypopril 20,lisinopril,20mg,قرص,شفا,lisinopril 20mg / tab,tab,بيانات مكتملة
7821,Hypopril 5,lisinopril,5mg,قرص,شفا,lisinopril 5mg / tab,tab,بيانات مكتملة
7822,Hypopril Plus 22.5,H.C.T.Z. ( Hydro Chlor Thia Zide ) + lisinopril,12.5mg + 10mg,قرص,شفا,H.C.T.Z. ( Hydro Chlor Thia Zide ) 12.5mg+lisinopril 10mg / tab,tab,بيانات مكتملة
7823,Hypopril Plus 32.5,H.C.T.Z. ( Hydro Chlor Thia Zide ) + lisinopril,12.5mg + 20mg,قرص,شفا,H.C.T.Z. ( Hydro Chlor Thia Zide ) 12.5mg+lisinopril 20mg / tab,tab,بيانات مكتملة
7824,Hypopril Plus 45,H.C.T.Z. ( Hydro Chlor Thia Zide ) + lisinopril,25mg + 20mg,قرص,شفا,H.C.T.Z. ( Hydro Chlor Thia Zide ) 25mg+lisinopril 20mg / tab,tab,بيانات مكتملة
7825,Ibuprof 100,ibuprofen 100mg / chew-tab,,قرص للمضغ,شفا,ibuprofen 100mg / chew-tab,chew-tab,بيانات مكتملة
7826,Ibuprof 200,ibuprofen,200mg,قرص مغلف,شفا,ibuprofen 200mg / c-tab,coated-tab,بيانات مكتملة
7827,Ibuprof 40,ibuprofen 40mg / ml,,قطرات فموية,شفا,ibuprofen 40mg / ml,oral-drops,بيانات مكتملة
7828,Ibuprof 400,ibuprofen,400mg,أمبولة,شفا,ibuprofen 400mg / amp,amp,بيانات مكتملة
7829,Ibuprof 5%,ibuprofen,5%,كريم,شفا,ibuprofen 5%,cream,بيانات مكتملة
7830,Ibuprof 50,ibuprofen 50mg / chew-tab,,قرص للمضغ,شفا,ibuprofen 50mg / chew-tab,chew-tab,بيانات مكتملة
7831,Ibuprof 500,ibuprofen,500mg,تحاميل,شفا,ibuprofen 500mg / supp,supp,بيانات مكتملة
7832,Ibuprof 600,ibuprofen,600mg,قرص مغلف,شفا,ibuprofen 600mg / c-tab,coated-tab,بيانات مكتملة
7833,Ibuprof 800,ibuprofen,800mg,قرص مغلف,شفا,ibuprofen 800mg / c-tab,coated-tab,بيانات مكتملة
7834,Irba 150,irbesartan,150mg,قرص,شفا,irbesartan 150mg / tab,tab,بيانات مكتملة
7835,Irba 300,irbesartan,300mg,قرص,شفا,irbesartan 300mg / tab,tab,بيانات مكتملة
7836,Irba 75,irbesartan,75mg,قرص,شفا,irbesartan 75mg / tab,tab,بيانات مكتملة
7837,Jectaspirin 1000,lysine Acetylsalicylate,1800mg,فيال جاف,شفا,lysine Acetylsalicylate 1800mg / vial,dry-vial,بيانات مكتملة
7838,Jectaspirin 500,lysine Acetylsalicylate,900mg,فيال جاف,شفا,lysine Acetylsalicylate 900mg / vial,dry-vial,بيانات مكتملة
7839,Ketokonazol 100,ketoconazole,100mg,شراب,شفا,ketoconazole 100mg / 5ml,syrup,بيانات مكتملة
7840,Ketoprofen 100,ketoprofen,100mg,أمبولة,شفا,ketoprofen 100mg / amp,amp,بيانات مكتملة
7841,Khellin 25,khellin,25mg,قرص مغلف,شفا,khellin 25mg / c-tab,coated-tab,بيانات مكتملة
7842,Kincort 40,triam Cinolone,40mg,أمبولة,شفا,triam Cinolone 40mg / amp,amp,بيانات مكتملة
7843,Lansoprazole 15,lansoprazole,15mg,كبسولة,شفا,lansoprazole 15mg / cap,cap,بيانات مكتملة
7844,Lansoprazole 30,lansoprazole,30mg,كبسولة,شفا,lansoprazole 30mg / cap,cap,بيانات مكتملة
7845,Larfine 10,chlorpheniramine,10mg,أمبولة,شفا,chlorpheniramine 10mg / amp,amp,بيانات مكتملة
7846,Lasemid 20,furosemide,20mg,أمبولة,شفا,furosemide 20mg / amp,amp,بيانات مكتملة
7847,Lido 1%,lidocaine,1%,أمبولة,شفا,lidocaine 1%,amp,بيانات مكتملة
7848,Lido 2%,lidocaine,2%,أمبولة,شفا,lidocaine 2%,amp,بيانات مكتملة
7849,Linco 250,lincomycin,250mg,شراب,شفا,lincomycin 250mg / 5ml,syrup,بيانات مكتملة
7850,Linco 300,lincomycin,300mg,أمبولة,شفا,lincomycin 300mg / amp,amp,بيانات مكتملة
7851,Linco 500,lincomycin,500mg,كبسولة,شفا,lincomycin 500mg / cap,cap,بيانات مكتملة
7852,Linco 600,lincomycin,600mg,أمبولة,شفا,lincomycin 600mg / amp,amp,بيانات مكتملة
7853,Lora 10,loratadine,10mg,قرص,شفا,loratadine 10mg / tab,tab,بيانات مكتملة
7854,Lora 5,loratadine,5mg,شراب,شفا,loratadine 5mg / 5ml,syrup,بيانات مكتملة
7855,Magriban 12.5,almotriptan 12.5mg / chew-tab,,قرص للمضغ,شفا,almotriptan 12.5mg / chew-tab,chew-tab,بيانات مكتملة
7856,Maxaram 100,topiramate,100mg,قرص مغلف,شفا,topiramate 100mg / c-tab,coated-tab,بيانات مكتملة
7857,Maxaram 200,topiramate,200mg,قرص مغلف,شفا,topiramate 200mg / c-tab,coated-tab,بيانات مكتملة
7858,Maxaram 25,topiramate,25mg,قرص مغلف,شفا,topiramate 25mg / c-tab,coated-tab,بيانات مكتملة
7859,Mebendazol 100,mebendazole,100mg,قرص,شفا,mebendazole 100mg / tab,tab,بيانات مكتملة
7860,Mebendazol 500,mebendazole,500mg,قرص,شفا,mebendazole 500mg / tab,tab,بيانات مكتملة
7861,Minavite,calcium + ferrous + magnesium + thiamine + vit B2 + vit B6 + ascorbic Acid + vit PP,20mg +  +  + 20mg + 10mg + 5mg + 75mg + 40mg,كبسولة,شفا,calcium 20mg+ferrous+magnesium+thiamine 20mg+vit B2 10mg+vit B6 5mg+ascorbic Acid 75mg+vit PP 40mg / cap,cap,بيانات مكتملة
7862,Minavit M,calcium + iron + magnesium + thiamine + vit B2 + vit B6 + ascorbic Acid + vit PP,20mg +  +  + 20mg + 10mg + 5mg + 75mg + 40mg,كبسولة,شفا,calcium 20mg+iron+magnesium+thiamine 20mg+vit B2 10mg+vit B6 5mg+ascorbic Acid 75mg+vit PP 40mg / cap,cap,بيانات مكتملة
7863,Miodarone 200,amiodarone,200mg,قرص,شفا,amiodarone 200mg / tab,tab,بيانات مكتملة
7864,Mucolys 200,methyl Di Acetyl Cysteinate 200mg / sachet,,ظرف,شفا,methyl Di Acetyl Cysteinate 200mg / sachet,sachet,بيانات مكتملة
7865,Naproxene 250,naproxen,250mg,قرص,شفا,naproxen 250mg / tab,tab,بيانات مكتملة
7866,Naproxene 500,naproxen,500mg,قرص,شفا,naproxen 500mg / tab,tab,بيانات مكتملة
7867,Nestagmin 0.5,neostigmine 0.5mg / ml,,أمبولة,شفا,neostigmine 0.5mg / ml,amp,بيانات مكتملة
7868,Newlora 10,desloratadine,10mg,قرص مغلف,شفا,desloratadine 10mg / c-tab,coated-tab,بيانات مكتملة
7869,Newlora 5,desloratadine,5mg,قرص مغلف,شفا,desloratadine 5mg / c-tab,coated-tab,بيانات مكتملة
7870,Newtussil,bromhexine + chlorpheniramine + guaifenesin,4mg + 2mg + 50mg,شراب,شفا,bromhexine 4mg+chlorpheniramine 2mg+guaifenesin 50mg / 5ml,syrup,بيانات مكتملة
7871,No Acne 10,tretinoin,0.01%,جل,شفا,tretinoin 0.01%,gel,بيانات مكتملة
7872,No Acne 25,tretinoin,0.025%,cre Am,شفا,tretinoin 0.025%,cre Am,بيانات مكتملة
7873,No Acne 50,tretinoin,0.05%,cre Am,شفا,tretinoin 0.05%,cre Am,بيانات مكتملة
7874,Nobrin 10,medazepam,10mg,قرص,شفا,medazepam 10mg / tab,tab,بيانات مكتملة
7875,Nobrin 5,medazepam,5mg,قرص,شفا,medazepam 5mg / tab,tab,بيانات مكتملة
7876,Nostres 10,fluoxetine,10mg,قرص مغلف,شفا,fluoxetine 10mg / c-tab,coated-tab,بيانات مكتملة
7877,Ogmant 1000,amoxicillin + clavulanic Acid,875mg + 125mg,قرص مغلف,شفا,amoxicillin 875mg+clavulanic Acid 125mg / c-tab,coated-tab,بيانات مكتملة
7878,Ogmant 1200,amoxicillin + clavulanic Acid,1000mg + 200mg,فيال جاف,شفا,amoxicillin 1000mg+clavulanic Acid 200mg / vial,dry-vial,بيانات مكتملة
7879,Ogmant 156,amoxicillin + clavulanic Acid,125mg + 31.25mg,dry-syrup,شفا,amoxicillin 125mg+clavulanic Acid 31.25mg / 5ml,dry-syrup,بيانات مكتملة
7880,Ogmant 312,amoxicillin + clavulanic Acid,250mg + 62.5mg,dry-syrup,شفا,amoxicillin 250mg+clavulanic Acid 62.5mg / 5ml,dry-syrup,بيانات مكتملة
7881,Ogmant 457,amoxicillin + clavulanic Acid,400mg + 57mg,dry-syrup,شفا,amoxicillin 400mg+clavulanic Acid 57mg / 5ml,dry-syrup,بيانات مكتملة
7882,Ogmant 600,amoxicillin + clavulanic Acid,500mg + 100mg,فيال جاف,شفا,amoxicillin 500mg+clavulanic Acid 100mg / vial,dry-vial,بيانات مكتملة
7883,Ogmant 625,amoxicillin + clavulanic Acid,500mg + 125mg,قرص مغلف,شفا,amoxicillin 500mg+clavulanic Acid 125mg / c-tab,coated-tab,بيانات مكتملة
7884,Olapin 10,olanzapine,10mg,قرص مغلف,شفا,olanzapine 10mg / c-tab,coated-tab,بيانات مكتملة
7885,Olapin 5,olanzapine,5mg,قرص مغلف,شفا,olanzapine 5mg / c-tab,coated-tab,بيانات مكتملة
7886,Oraloxim 100,cefpodoxime,100mg,قرص مغلف,شفا,cefpodoxime 100mg / c-tab,coated-tab,بيانات مكتملة
7887,Oraloxim 200,cefpodoxime,200mg,قرص مغلف,شفا,cefpodoxime 200mg / c-tab,coated-tab,بيانات مكتملة
7888,Oraloxim 50,cefpodoxime,50mg,dry-syrup,شفا,cefpodoxime 50mg / 5ml,dry-syrup,بيانات مكتملة
7889,Osteobon 300,clodronic Acid,300mg,أمبولة,شفا,clodronic Acid 300mg / amp,amp,بيانات مكتملة
7890,Osteobon 400,clodronic Acid,400mg,كبسولة,شفا,clodronic Acid 400mg / cap,cap,بيانات مكتملة
7891,Oxsoral 1%,methoxsalen 10mg / ml,,محلول,شفا,methoxsalen 10mg / ml,solu,بيانات مكتملة
7892,Oxsoral 10,methoxsalen,10mg,كبسولة,شفا,methoxsalen 10mg / cap,cap,بيانات مكتملة
7893,Oxycaris 125,pyrantel 125mg / chew-tab,,قرص للمضغ,شفا,pyrantel 125mg / chew-tab,chew-tab,بيانات مكتملة
7894,Oxyrgin 0.2,methylergomethrine,0.2mg,أمبولة,شفا,methylergomethrine 0.2mg / amp,amp,بيانات مكتملة
7895,Panthen 500,dexpanthenol,500mg,أمبولة,شفا,dexpanthenol 500mg / amp,amp,بيانات مكتملة
7896,Paracod 10,codeine + paracetamol,10mg + 500mg,قرص,شفا,codeine 10mg+paracetamol 500mg / tab,tab,بيانات مكتملة
7897,Paracod 8,codeine + paracetamol 135mg / eff-tab,8mg + ,قرص فوار,شفا,codeine 8mg+paracetamol 135mg / eff-tab,eff-tab,بيانات مكتملة
7898,Parkins 100,amantadine,100mg,كبسولة,شفا,amantadine 100mg / cap,cap,بيانات مكتملة
7899,Parko 1,pergolide,1mg,قرص,شفا,pergolide 1mg / tab,tab,بيانات مكتملة
7900,Peni G 1000000,benzyl Penicillin ( penicillin G ),1000000i.u.,فيال جاف,شفا,benzyl Penicillin ( penicillin G ) 1000000i.u. / vial,dry-vial,بيانات مكتملة
7901,Peni G 3000000,benzyl Penicillin ( penicillin G ),3000000i.u.,فيال جاف,شفا,benzyl Penicillin ( penicillin G ) 3000000i.u. / vial,dry-vial,بيانات مكتملة
7902,Penitard 1200,benzathine Penicillin,1200000 i.u.,فيال جاف,شفا,benzathine Penicillin 1200000 i.u. / vial,dry-vial,بيانات مكتملة
7903,Penitard 2400,benzathine Penicillin,2400000 i.u.,فيال جاف,شفا,benzathine Penicillin 2400000 i.u. / vial,dry-vial,بيانات مكتملة
7904,Penitard 600,benzathine Penicillin,600000 i.u.,فيال جاف,شفا,benzathine Penicillin 600000 i.u. / vial,dry-vial,بيانات مكتملة
7905,Peni V 1000,phenoxy Methyl Penicillin ( penicillin V ),1000000i.u.,قرص مغلف,شفا,phenoxy Methyl Penicillin ( penicillin V ) 1000000i.u. / c-tab,coated-tab,بيانات مكتملة
7906,Peni V 1500,phenoxy Methyl Penicillin ( penicillin V ),1500000i.u.,قرص مغلف,شفا,phenoxy Methyl Penicillin ( penicillin V ) 1500000i.u. / c-tab,coated-tab,بيانات مكتملة
7907,Peni V 400,phenoxy Methyl Penicillin ( penicillin V ),400000i.u.,dry-syrup,شفا,phenoxy Methyl Penicillin ( penicillin V ) 400000i.u. / 5ml,dry-syrup,بيانات مكتملة
7908,Peni V 500,phenoxy Methyl Penicillin ( penicillin V ),500000i.u.,قرص مغلف,شفا,phenoxy Methyl Penicillin ( penicillin V ) 500000i.u. / c-tab,coated-tab,بيانات مكتملة
7909,Pheldin 10,piroxicam,10mg,كبسولة,شفا,piroxicam 10mg / cap,cap,بيانات مكتملة
7910,Pheldin 20,piroxicam,20mg,أمبولة,شفا,piroxicam 20mg / amp,amp,بيانات مكتملة
7911,Pheldin 5%,piroxicam,0.5%,كريم,شفا,piroxicam 0.5%,cream,بيانات مكتملة
7912,Pimo 2,pimozide,2mg,قرص,شفا,pimozide 2mg / tab,tab,بيانات مكتملة
7913,Pimo 4,pimozide,4mg,قرص,شفا,pimozide 4mg / tab,tab,بيانات مكتملة
7914,Piperacillin 1000,piperacillin,1000mg,فيال جاف,شفا,piperacillin 1000mg / vial,dry-vial,بيانات مكتملة
7915,Piperacillin 2000,piperacillin,2000mg,فيال جاف,شفا,piperacillin 2000mg / vial,dry-vial,بيانات مكتملة
7916,Piperacillin 3000,piperacillin,3000mg,فيال جاف,شفا,piperacillin 3000mg / vial,dry-vial,بيانات مكتملة
7917,Piperacillin 4000,piperacillin,4000mg,فيال جاف,شفا,piperacillin 4000mg / vial,dry-vial,بيانات مكتملة
7918,Pramocort 1,hydrocortisone + pramoxine,1% + 1%,مرهم,شفا,hydrocortisone 1%+pramoxine 1%,oint,بيانات مكتملة
7919,Pramocort 2.5,hydrocortisone + pramoxine,2.5% + 1%,مرهم,شفا,hydrocortisone 2.5%+pramoxine 1%,oint,بيانات مكتملة
7920,Pramonal,pramoxine + zinc Oxide,1% + 12.5%,rectal-oint,شفا,pramoxine 1%+zinc Oxide 12.5%,rectal-oint,بيانات مكتملة
7921,Pramoxine 1%,pramoxine,1%,لوشن,شفا,pramoxine 1%,lotion,بيانات مكتملة
7922,Primexane,dimethyl Polysiloxane + metoclopramide 3mg / chew-tab,250mg + ,قرص للمضغ,شفا,dimethyl Polysiloxane 250mg+metoclopramide 3mg / chew-tab,chew-tab,بيانات مكتملة
7923,Proctocort,bismuth Sub Gaiacol + cinchocaine + hydroortisone,100mg + 1mg + 10mg,تحاميل,شفا,bismuth Sub Gaiacol 100mg+cinchocaine 1mg+hydroortisone 10mg / supp,supp,بيانات مكتملة
7924,Promethazin 6.25,promethazine,6.25mg,شراب,شفا,promethazine 6.25mg / 5ml,syrup,بيانات مكتملة
7925,Prozil 125,cefprozil,125mg,dry-syrup,شفا,cefprozil 125mg / 5ml,dry-syrup,بيانات مكتملة
7926,Prozil 250,cefprozil,250mg,dry-syrup,شفا,cefprozil 250mg / 5ml,dry-syrup,بيانات مكتملة
7927,Repa 0.5,repaglinide,0.5mg,قرص,شفا,repaglinide 0.5mg / tab,tab,بيانات مكتملة
7928,Repa 1,repaglinide,1mg,قرص,شفا,repaglinide 1mg / tab,tab,بيانات مكتملة
7929,Repa 2,repaglinide,2mg,قرص,شفا,repaglinide 2mg / tab,tab,بيانات مكتملة
7930,Rocef 1000,ceftriaxone 1000mg / dry-vial,,فيال جاف,شفا,ceftriaxone 1000mg / dry-vial,dry-vial,بيانات مكتملة
7931,Rocef 2000,ceftriaxone 2000mg / dry-vial,,فيال جاف,شفا,ceftriaxone 2000mg / dry-vial,dry-vial,بيانات مكتملة
7932,Rocef 250,ceftriaxone 250mg / dry-vial,,فيال جاف,شفا,ceftriaxone 250mg / dry-vial,dry-vial,بيانات مكتملة
7933,Rocef 500,ceftriaxone 500mg / dry-vial,,فيال جاف,شفا,ceftriaxone 500mg / dry-vial,dry-vial,بيانات مكتملة
7934,Rocef Plus 1500,ceftriaxone + sulbactam 500mg / dry-vial,1000mg + ,فيال جاف,شفا,ceftriaxone 1000mg+sulbactam 500mg / dry-vial,dry-vial,بيانات مكتملة
7935,Rocef Plus 375,ceftriaxone + sulbactam 125mg / dry-vial,250mg + ,فيال جاف,شفا,ceftriaxone 250mg+sulbactam 125mg / dry-vial,dry-vial,بيانات مكتملة
7936,Rocef Plus 750,ceftriaxone + sulbactam 250mg / dry-vial,500mg + ,فيال جاف,شفا,ceftriaxone 500mg+sulbactam 250mg / dry-vial,dry-vial,بيانات مكتملة
7937,Sartor 40,telmisartan,40mg,قرص,شفا,telmisartan 40mg / tab,tab,بيانات مكتملة
7938,Sartor 80,telmisartan,80mg,قرص,شفا,telmisartan 80mg / tab,tab,بيانات مكتملة
7939,Shifadopa 250,methyldopa,250mg,قرص مغلف,شفا,methyldopa 250mg / c-tab,coated-tab,بيانات مكتملة
7940,Shifadopa Plus 1,H.C.T.Z. ( Hydro Chlor Thia Zide ) + methyldopa,15mg + 250mg,قرص مغلف,شفا,H.C.T.Z. ( Hydro Chlor Thia Zide ) 15mg+methyldopa 250mg / c-tab,coated-tab,بيانات مكتملة
7941,Shifadopa Plus 2,H.C.T.Z. ( Hydro Chlor Thia Zide ) + methyldopa,25mg + 250mg,قرص مغلف,شفا,H.C.T.Z. ( Hydro Chlor Thia Zide ) 25mg+methyldopa 250mg / c-tab,coated-tab,بيانات مكتملة
7942,Shifaflex,chlorzoxazone + paracetamol,250mg + 300mg,كبسولة,شفا,chlorzoxazone 250mg+paracetamol 300mg / cap,cap,بيانات مكتملة
7943,Shifalip 100,fenofibrate,100mg,كبسولة,شفا,fenofibrate 100mg / cap,cap,بيانات مكتملة
7944,Shifalip 300,fenofibrate,300mg,كبسولة,شفا,fenofibrate 300mg / cap,cap,بيانات مكتملة
7945,Shifamol 150,paracetamol,150mg,أمبولة,شفا,paracetamol 150mg / amp,amp,بيانات مكتملة
7946,Shifamol 375,paracetamol,375mg,أمبولة,شفا,paracetamol 375mg / amp,amp,بيانات مكتملة
7947,Shifaphyllin 200,dyphylline,200mg,قرص,شفا,dyphylline 200mg / tab,tab,بيانات مكتملة
7948,Shifaphyllin 400,dyphylline,400mg,تحاميل,شفا,dyphylline 400mg / supp,supp,بيانات مكتملة
7949,Shifatoin 100,phenytoin,100mg,قرص,شفا,phenytoin 100mg / tab,tab,بيانات مكتملة
7950,Shifatoin 250,phenytoin,250mg,أمبولة,شفا,phenytoin 250mg / amp,amp,بيانات مكتملة
7951,Shifatryptil 10,amitriptyline,10mg,قرص,شفا,amitriptyline 10mg / tab,tab,بيانات مكتملة
7952,Shifatryptil 25,amitriptyline,25mg,قرص,شفا,amitriptyline 25mg / tab,tab,بيانات مكتملة
7953,Shifavite 1/2,thiamine + vit B6 100mg) + (vit B12 1mg) / 1 + 1amp,100mg +  +  + ,أمبولة,شفا,thiamine 100mg+vit B6 100mg)+(vit B12 1mg) / 1+1amp,amp,بيانات مكتملة
7954,Shifazen 5,serratiopeptidase,5mg,قرص مغلف,شفا,serratiopeptidase 5mg / c-tab,coated-tab,بيانات مكتملة
7955,Shifazen Fort 10,serratiopeptidase,10mg,قرص مغلف,شفا,serratiopeptidase 10mg / c-tab,coated-tab,بيانات مكتملة
7956,Simicon 80,simethicone 80mg / chew-tab,,قرص للمضغ,شفا,simethicone 80mg / chew-tab,chew-tab,بيانات مكتملة
7957,Spasno 15,propantheline,15mg,قرص,شفا,propantheline 15mg / tab,tab,بيانات مكتملة
7958,Supertil 5,etilefrine,5mg,قرص,شفا,etilefrine 5mg / tab,tab,بيانات مكتملة
7959,Supertil 7.5,etilefrine 7.5mg / ml,,قطرات فموية,شفا,etilefrine 7.5mg / ml,oral-drops,بيانات مكتملة
7960,Tavesta 1,clemastine,1mg,قرص,شفا,clemastine 1mg / tab,tab,بيانات مكتملة
7961,Tavesta 2,clemastine,2mg,أمبولة,شفا,clemastine 2mg / amp,amp,بيانات مكتملة
7962,Tobra 20,tobramycin,20mg,أمبولة,شفا,tobramycin 20mg / amp,amp,بيانات مكتملة
7963,Tobra 40,tobramycin,40mg,أمبولة,شفا,tobramycin 40mg / amp,amp,بيانات مكتملة
7964,Tobra 80,tobramycin,80mg,أمبولة,شفا,tobramycin 80mg / amp,amp,بيانات مكتملة
7965,Tolict 600,tolmetin,600mg,قرص مغلف,شفا,tolmetin 600mg / c-tab,coated-tab,بيانات مكتملة
7966,Tranx 10,clorazepate Di Potassium,10mg,كبسولة,شفا,clorazepate Di Potassium 10mg / cap,cap,بيانات مكتملة
7967,Tranx 5,clorazepate Di Potassium,5mg,كبسولة,شفا,clorazepate Di Potassium 5mg / cap,cap,بيانات مكتملة
7968,Vasoserc 8,betahistine,8mg,قرص,شفا,betahistine 8mg / tab,tab,بيانات مكتملة
7969,Velodin 1000,cephradine 1000mg / dry-vial,,فيال جاف,شفا,cephradine 1000mg / dry-vial,dry-vial,بيانات مكتملة
7970,Velodin 125,cephradine,125mg,dry-syrup,شفا,cephradine 125mg / 5ml,dry-syrup,بيانات مكتملة
7971,Velodin 250,cephradine,250mg,كبسولة,شفا,cephradine 250mg / cap,cap,بيانات مكتملة
7972,Velodin 500,cephradine,500mg,كبسولة,شفا,cephradine 500mg / cap,cap,بيانات مكتملة
7973,Veno 300,troxerutin,300mg,كبسولة,شفا,troxerutin 300mg / cap,cap,بيانات مكتملة
7974,Verpam 40,verapamil,40mg,قرص مغلف,شفا,verapamil 40mg / c-tab,coated-tab,بيانات مكتملة
7975,Verpam 80,verapamil,80mg,قرص مغلف,شفا,verapamil 80mg / c-tab,coated-tab,بيانات مكتملة
7976,Vita C 1000,ascorbic Acid 1000mg / eff-tab,,قرص فوار,شفا,ascorbic Acid 1000mg / eff-tab,eff-tab,بيانات مكتملة
7977,Vita C 500,ascorbic Acid 500mg / loz,,قرص للمضغ,شفا,ascorbic Acid 500mg / loz,chew-tab,بيانات مكتملة
7978,Vita Cal C,calcium + vit B6 + ascorbic Acid + vit D 300i.u. / eff-tab,625mg + 15mg + 1000mg + ,قرص فوار,شفا,calcium 625mg+vit B6 15mg+ascorbic Acid 1000mg+vit D 300i.u. / eff-tab,eff-tab,بيانات مكتملة
7979,Vitanor,thiamine + vit B6 + vit B12,200mg + 200mg + 1mg,قرص مغلف,شفا,thiamine 200mg+vit B6 200mg+vit B12 1mg / c-tab,coated-tab,بيانات مكتملة
7980,Vulona 4,pancuronium,4mg,أمبولة,شفا,pancuronium 4mg / amp,amp,بيانات مكتملة
7981,Zepam 10,diazepam,10mg,أمبولة,شفا,diazepam 10mg / amp,amp,بيانات مكتملة
7982,Zidima 1000,ceftazidime 1000mg / dry-vial,,فيال جاف,شفا,ceftazidime 1000mg / dry-vial,dry-vial,بيانات مكتملة
7983,Zidima 2000,ceftazidime 2000mg / dry-vial,,فيال جاف,شفا,ceftazidime 2000mg / dry-vial,dry-vial,بيانات مكتملة
7984,Zidima 500,ceftazidime 500mg / dry-vial,,فيال جاف,شفا,ceftazidime 500mg / dry-vial,dry-vial,بيانات مكتملة
7985,Zinaros 125,cefuroxime,125mg,قرص مغلف,شفا,cefuroxime 125mg / c-tab,coated-tab,بيانات مكتملة
7986,Zinaros 1500,cefuroxime 1500mg / dry-vial,,فيال جاف,شفا,cefuroxime 1500mg / dry-vial,dry-vial,بيانات مكتملة
7987,Zinaros 250,cefuroxime,250mg,قرص مغلف,شفا,cefuroxime 250mg / c-tab,coated-tab,بيانات مكتملة
7988,Zinaros 500,cefuroxime,500mg,قرص مغلف,شفا,cefuroxime 500mg / c-tab,coated-tab,بيانات مكتملة
7989,Zinaros 750,cefuroxime 750mg / dry-vial,,فيال جاف,شفا,cefuroxime 750mg / dry-vial,dry-vial,بيانات مكتملة
7990,Zolina 1000,cefazolin 1000mg / dry-vial,,فيال جاف,شفا,cefazolin 1000mg / dry-vial,dry-vial,بيانات مكتملة
7991,Zolina 500,cefazolin 500mg / dry-vial,,فيال جاف,شفا,cefazolin 500mg / dry-vial,dry-vial,بيانات مكتملة
7992,Adapalin Plus 0.1%,adapalene + benzoyle Peroxide,0.1% + 2.5%,جل,شهبا,adapalene 0.1%+benzoyle Peroxide 2.5%,gel,بيانات مكتملة
7993,Adapalin Plus 0.3%,adapalene + benzoyle Peroxide,0.3% + 2.5%,جل,شهبا,adapalene 0.3%+benzoyle Peroxide 2.5%,gel,بيانات مكتملة
7994,Aldazide 25,H.C.T.Z. ( Hydro Chlor Thia Zide ) + spironolactone,25mg + 25mg,قرص مغلف,شهبا,H.C.T.Z. ( Hydro Chlor Thia Zide ) 25mg+spironolactone 25mg / c-tab,coated-tab,بيانات مكتملة
7995,Aldazide 50,H.C.T.Z. ( Hydro Chlor Thia Zide ) + spironolactone,50mg + 50mg,قرص مغلف,شهبا,H.C.T.Z. ( Hydro Chlor Thia Zide ) 50mg+spironolactone 50mg / c-tab,coated-tab,بيانات مكتملة
7996,Aminocaprol 1250,amino Caproic Acid,1250mg,شراب,شهبا,amino Caproic Acid 1250mg / 5ml,syrup,بيانات مكتملة
7997,Aminocaprol 500,amino Caproic Acid,500mg,قرص,شهبا,amino Caproic Acid 500mg / tab,tab,بيانات مكتملة
7998,Amlopril 10/20,amlodipine + benazepril,10mg + 20mg,كبسولة,شهبا,amlodipine 10mg+benazepril 20mg / cap,cap,بيانات مكتملة
7999,Amlopril 2.5/10,amlodipine + benazepril,2.5mg + 10mg,كبسولة,شهبا,amlodipine 2.5mg+benazepril 10mg / cap,cap,بيانات مكتملة
8000,Amlopril 5/10,amlodipine + benazepril,5mg + 10mg,كبسولة,شهبا,amlodipine 5mg+benazepril 10mg / cap,cap,بيانات مكتملة
